{
  "34.6225665-129.3414982/karasu.mp4": 0.937,
  "34.6225665-129.3414982/rat.AVI": 0.927,
  "34.6225665-129.3414982/sagi.AVI": 0.963,
  "34.6225665-129.3414982/tobi.AVI": 0.941,
  "34.6245436-129.3455148/shika.AVI": 0.961,
  "34.6245436-129.3455148/shikaosu.mp4": 0.97,
  "34.6245436-129.3455148/tsushimaten.mp4": 0.957,
  "34.6245436-129.3455148/video.mp4": 0.502,
  "34.6245436-129.3455148/yamaneko.AVI": 0.893
}